"Label","k","OR","CI_Lower","CI_Upper","I2"
"Adverse Sleep-Related Outcomes (Original)",9,1.40078271858644,1.30725942303118,1.50099681067176,92.7912062391465
"Sleep Dissatisfaction (Original)",14,1.15673169887807,0.984647102816487,1.35889113913204,99.7336165337588
"Sleep Dissatisfaction (Sensitivity)",11,1.0662257072672,0.890083845154629,1.27722490979481,96.0161955618047
"ADHD Diagnosis (JF - Original)",13,1.24526784987776,1.13057408651645,1.37159699345066,55.115508418749
"ADHD Diagnosis (JF - Sensitivity)",10,1.17173153840233,1.11133419525158,1.23541127768132,0
"ADHD Diagnosis (Sweets - Original)",3,1.36768512021878,1.23370934940175,1.51621010975959,0
"ADHD Diagnosis (Sweets - Sensitivity)",1,1.11,0.45,2.7,NA
